record_id,business,format,locality,source_url,source_type,checked_date,item,unit,pack_size,price,currency,price_date,conditions,verification_status,confidence,local_followup
CQ01,Almacor,Supermercado de cadena,Cosquín Córdoba,https://www.almacor.com.ar/locales/,Localizador oficial de sucursales,2026-10-06,"Oferta corporativa de varias categorías, precio local no confirmado",,,,,"Folleto válido 2026-10-01 a 2026-10-06","El folleto corporativo incluye carnes, frutas y verduras y almacén. No identifica precios por sucursal ni confirma disponibilidad en Cosquín.","Sucursal indicada por localizador oficial como Cosquín (4). Sin domicilio visible en la ficha consultada.","Alta para presencia de sucursal. No concluyente para oferta ni precio local.","Ubicar la sucursal y confirmar surtido y precios en mostrador antes de comparar."
CQ02,Rincón de sabores,Dietética especializada,"Pedro Ortiz 659, Cosquín, Córdoba",https://tiendas.pedix.app/comercio/rincon-de-sabores/,"Catálogo publicado por el comercio en tienda Pedix",2026-10-06,Maní sin sal,,,700,"$ (código ISO no indicado)","Consulta web 2026-10-06, sin fecha de publicación visible","Precio mostrado como desde $700. No se indica unidad ni gramaje en la ficha consultada. El catálogo advierte que puede cambiar.","Página de comercio con dirección, horarios y catálogo publicados. Disponibilidad no confirmada.","Alta para dirección y precio publicado al consultar. Baja para comparación por unidad.","Confirmar gramaje, stock y precio final vigente."
CQ03,Rincón de sabores,Dietética especializada,"Pedro Ortiz 659, Cosquín, Córdoba",https://tiendas.pedix.app/comercio/rincon-de-sabores/,"Catálogo publicado por el comercio en tienda Pedix",2026-10-06,Castañas de cajú,,,2800,"$ (código ISO no indicado)","Consulta web 2026-10-06, sin fecha de publicación visible","Precio mostrado como desde $2.800. No se indica unidad ni gramaje en la ficha consultada. El catálogo advierte que puede cambiar.","Página de comercio con dirección, horarios y catálogo publicados. Disponibilidad no confirmada.","Alta para dirección y precio publicado al consultar. Baja para comparación por unidad.","Confirmar gramaje, stock y precio final vigente."
CQ04,Rincón de sabores,Dietética especializada,"Pedro Ortiz 659, Cosquín, Córdoba",https://tiendas.pedix.app/comercio/rincon-de-sabores/,"Catálogo publicado por el comercio en tienda Pedix",2026-10-06,Mix clásico con girasol,,,1420,"$ (código ISO no indicado)","Consulta web 2026-10-06, sin fecha de publicación visible","Precio mostrado como desde $1.420. No se indica unidad ni gramaje en la ficha consultada. El catálogo advierte que puede cambiar.","Página de comercio con dirección, horarios y catálogo publicados. Disponibilidad no confirmada.","Alta para dirección y precio publicado al consultar. Baja para comparación por unidad.","Confirmar gramaje, stock y precio final vigente."
CQ05,Rincón de sabores,Dietética especializada,"Pedro Ortiz 659, Cosquín, Córdoba",https://tiendas.pedix.app/comercio/rincon-de-sabores/,"Catálogo publicado por el comercio en tienda Pedix",2026-10-06,Granola tradicional,,,1400,"$ (código ISO no indicado)","Consulta web 2026-10-06, sin fecha de publicación visible","Precio mostrado como desde $1.400. No se indica unidad ni gramaje en la ficha consultada. El catálogo advierte que puede cambiar.","Página de comercio con dirección, horarios y catálogo publicados. Disponibilidad no confirmada.","Alta para dirección y precio publicado al consultar. Baja para comparación por unidad.","Confirmar gramaje, stock y precio final vigente."
CQ06,República Kiosco,Kiosco y bebidas,"Presidente Perón 834, Cosquín, Córdoba",https://pency.app/republicacosquin,"Catálogo de comercio alojado en Pency",2026-10-06,Combo Branca,,,22000,"$ (código ISO no indicado)","Rastreo web indicó aproximadamente un mes de antigüedad. Consulta del informe 2026-10-06, sin fecha de publicación visible","La página muestra $22.000 y un precio tachado de $23.499. No se ve composición, tamaño ni vigencia de la promoción. No es comparable con un precio unitario de almacén.","Página de comercio con dirección, rubros, horario de pedidos y catálogo visibles. El rastreo web era de aproximadamente un mes antes de la consulta del informe.","Media para contenido visible. Baja para vigencia y disponibilidad.","Confirmar componentes, tamaño, vigencia y precio presencial."
CQ07,Carnicería El Nono Cosquín,Carnicería y minimercado declarados,"Onofre Marimón 373, Cosquín",https://www.foodbevg.com/AR/Cosqu%C3%ADn/100212929016897/Carnicer%C3%ADa-El-Nono-Cosqu%C3%ADn,"Espejo de tercero con publicaciones atribuidas a la página del comercio",2026-10-06,"Precio actual no verificado",,,,,,"Publicaciones fechadas en 2026 describen carnes, almacén, bebidas, panificados y lácteos. No se recuperó un precio vigente. Otra publicación indica Marimón 371.","Fuente de tercero legible en resultados de búsqueda, apertura directa bloqueada. No equivale a verificación en la página propietaria.","Media para actividad y surtido declarados. Baja para dirección exacta y estado actual.","Verificar actividad, domicilio 371 o 373 y catálogo actual con fuente del comercio."
CQ08,Carnicería La Martina,Carnicería,"Av. San Martín 341, Cosquín",https://www.yellowpages.do/phone-54-93548635663-carnicer%C3%ADa-Cosqu%C3%ADn-AREN173543.html,"Directorio de terceros con enlace a Facebook",2026-10-06,"Precio actual no verificado",,,,,,"El directorio atribuye venta minorista y mayorista para gastronomía. No se accedió a una fuente reciente del comercio.","Nombre, rubro y domicilio provienen de directorio. Página de Facebook enlazada no quedó accesible en la consulta.","Baja hasta confirmar directamente. La ficha no acredita actividad actual.","Buscar fuente reciente del comercio y confirmar dirección y rubro."
CQ09,Carnicería Tabita,Carnicería según directorio,"Florencio Sánchez 947, Cosquín",https://uniondetrabajadoresdelatierra.com.ar/fruteria/carniceria-tabita/,"Directorio de terceros, sin fuente propietaria corroborada",2026-10-06,"Precio actual no verificado",,,,,,"Se registra solo nombre, dirección y etiqueta de categoría de la ficha. Se omiten textos descriptivos y puntuación no corroborados.","Lead de directorio con domicilio exacto. No se encontró página reciente del comercio.","Baja. Existencia y actividad actual no corroboradas por fuente directa.","Validar en mapa y en el local o con una página oficial antes de contar como competidor."
CQ10,Mi Semilla Autoservicio de frutas y verduras,Frutas y verduras según nombre/directorio,"Av. San Martín 1441, Cosquín",https://uniondetrabajadoresdelatierra.com.ar/fruteria/mi-semilla-autoservicio-de-frutas-y-verduras/,"Directorio de terceros, sin fuente propietaria corroborada",2026-10-06,"Precio actual no verificado",,,,,,"Se registra solo nombre, dirección y categoría de la ficha. No se usan sus afirmaciones narrativas ni puntuación como hechos de mercado.","Lead de directorio con domicilio exacto. No se encontró página reciente del comercio.","Baja. Existencia y actividad actual no corroboradas por fuente directa.","Validar ubicación, actividad y surtido antes de contar como competidor."
CQ11,La Coscoina Verduras Procesadas,Vegetales procesados según directorio,"Rawson y De la Paz, Cosquín",https://uniondetrabajadoresdelatierra.com.ar/fruteria/la-coscoina-verduras-procesadas/,"Directorio de terceros, sin fuente propietaria corroborada",2026-10-06,"Precio actual no verificado",,,,,,"Se registra solo nombre, ubicación de esquina y etiqueta de frutería. La descripción de productos no tiene corroboración directa.","Lead de directorio con localización aproximada. No se encontró página reciente del comercio.","Baja. Actividad y oferta actual no corroboradas por fuente directa.","Confirmar que siga operando y si vende al público minorista."
